t,i,num_sampled,num_new_elements,total_sample_size
1,1,535,535,535
1,2,684,526,1061
1,3,739,513,1574
1,4,765,483,2057
1,5,779,494,2551
1,6,799,486,3037
1,7,808,463,3500
1,8,827,441,3941
1,9,827,459,4400
1,10,797,422,4822
1,11,822,435,5257
1,12,842,430,5687
1,13,834,435,6122
1,14,855,433,6555
1,15,842,413,6968
2,1,549,549,549
2,2,698,533,1082
2,3,750,513,1595
2,4,777,499,2094
2,5,800,485,2579
2,6,775,437,3016
2,7,806,465,3481
2,8,822,476,3957
2,9,817,429,4386
2,10,805,422,4808
2,11,828,404,5212
2,12,814,409,5621
2,13,820,420,6041
2,14,829,430,6471
2,15,814,381,6852
3,1,541,541,541
3,2,697,531,1072
3,3,767,528,1600
3,4,780,520,2120
3,5,813,516,2636
3,6,784,469,3105
3,7,798,473,3578
3,8,800,462,4040
3,9,831,454,4494
3,10,823,459,4953
3,11,822,414,5367
3,12,836,427,5794
3,13,838,418,6212
3,14,844,427,6639
3,15,865,424,7063
4,1,529,529,529
4,2,676,500,1029
4,3,747,513,1542
4,4,752,481,2023
4,5,788,486,2509
4,6,812,461,2970
4,7,803,450,3420
4,8,791,455,3875
4,9,783,418,4293
4,10,846,447,4740
4,11,814,437,5177
4,12,830,404,5581
4,13,828,427,6008
4,14,829,400,6408
4,15,824,420,6828
5,1,523,523,523
5,2,675,508,1031
5,3,749,513,1544
5,4,745,468,2012
5,5,790,486,2498
5,6,790,457,2955
5,7,816,466,3421
5,8,824,463,3884
5,9,806,459,4343
5,10,810,448,4791
5,11,823,421,5212
5,12,837,428,5640
5,13,835,411,6051
5,14,859,419,6470
5,15,830,392,6862
6,1,525,525,525
6,2,686,508,1033
6,3,716,482,1515
6,4,763,483,1998
6,5,752,435,2433
6,6,774,455,2888
6,7,786,458,3346
6,8,796,435,3781
6,9,810,424,4205
6,10,830,446,4651
6,11,831,429,5080
6,12,827,449,5529
6,13,834,412,5941
6,14,834,415,6356
6,15,810,392,6748
7,1,529,529,529
7,2,705,543,1072
7,3,744,496,1568
7,4,763,498,2066
7,5,775,485,2551
7,6,787,454,3005
7,7,785,442,3447
7,8,823,466,3913
7,9,816,452,4365
7,10,832,448,4813
7,11,815,425,5238
7,12,813,407,5645
7,13,823,417,6062
7,14,836,415,6477
7,15,839,390,6867
8,1,540,540,540
8,2,691,525,1065
8,3,732,519,1584
8,4,761,496,2080
8,5,779,474,2554
8,6,807,478,3032
8,7,809,473,3505
8,8,825,470,3975
8,9,834,457,4432
8,10,837,461,4893
8,11,828,427,5320
8,12,840,442,5762
8,13,834,397,6159
8,14,860,428,6587
8,15,827,396,6983
9,1,478,478,478
9,2,631,479,957
9,3,691,454,1411
9,4,732,463,1874
9,5,758,482,2356
9,6,765,449,2805
9,7,793,472,3277
9,8,772,412,3689
9,9,802,429,4118
9,10,791,419,4537
9,11,806,415,4952
9,12,790,404,5356
9,13,793,395,5751
9,14,825,388,6139
9,15,842,416,6555
10,1,414,414,414
10,2,618,472,886
10,3,705,481,1367
10,4,748,492,1859
10,5,766,491,2350
10,6,754,439,2789
10,7,754,427,3216
10,8,776,423,3639
10,9,800,425,4064
10,10,791,432,4496
10,11,800,414,4910
10,12,795,367,5277
10,13,800,395,5672
10,14,790,388,6060
10,15,826,422,6482
11,1,491,491,491
11,2,659,500,991
11,3,716,481,1472
11,4,757,480,1952
11,5,806,522,2474
11,6,792,477,2951
11,7,759,442,3393
11,8,819,472,3865
11,9,816,437,4302
11,10,784,421,4723
11,11,801,412,5135
11,12,801,399,5534
11,13,820,412,5946
11,14,816,395,6341
11,15,837,389,6730
12,1,488,488,488
12,2,639,480,968
12,3,702,474,1442
12,4,735,485,1927
12,5,756,458,2385
12,6,753,415,2800
12,7,761,404,3204
12,8,761,431,3635
12,9,794,427,4062
12,10,781,409,4471
12,11,788,419,4890
12,12,805,415,5305
12,13,800,388,5693
12,14,808,397,6090
12,15,798,374,6464
13,1,483,483,483
13,2,648,494,977
13,3,726,511,1488
13,4,732,491,1979
13,5,762,480,2459
13,6,782,472,2931
13,7,797,464,3395
13,8,791,438,3833
13,9,819,463,4296
13,10,787,401,4697
13,11,800,411,5108
13,12,824,411,5519
13,13,813,424,5943
13,14,845,439,6382
13,15,835,403,6785
14,1,475,475,475
14,2,650,485,960
14,3,666,432,1392
14,4,701,421,1813
14,5,713,428,2241
14,6,759,446,2687
14,7,772,429,3116
14,8,747,383,3499
14,9,756,395,3894
14,10,774,384,4278
14,11,793,411,4689
14,12,827,399,5088
14,13,782,387,5475
14,14,786,364,5839
14,15,812,363,6202
15,1,541,541,541
15,2,699,538,1079
15,3,757,526,1605
15,4,784,517,2122
15,5,813,506,2628
15,6,815,493,3121
15,7,814,467,3588
15,8,820,479,4067
15,9,834,468,4535
15,10,825,450,4985
15,11,829,428,5413
15,12,858,436,5849
15,13,847,424,6273
15,14,845,439,6712
15,15,874,436,7148
16,1,538,538,538
16,2,699,533,1071
16,3,742,524,1595
16,4,765,496,2091
16,5,773,482,2573
16,6,813,502,3075
16,7,803,482,3557
16,8,818,463,4020
16,9,818,453,4473
16,10,822,451,4924
16,11,809,420,5344
16,12,839,427,5771
16,13,831,424,6195
16,14,846,399,6594
16,15,833,402,6996
17,1,515,515,515
17,2,673,492,1007
17,3,728,499,1506
17,4,756,478,1984
17,5,794,480,2464
17,6,805,496,2960
17,7,790,460,3420
17,8,813,455,3875
17,9,827,457,4332
17,10,840,473,4805
17,11,857,456,5261
17,12,832,441,5702
17,13,830,383,6085
17,14,832,429,6514
17,15,825,391,6905
18,1,545,545,545
18,2,659,482,1027
18,3,732,496,1523
18,4,742,484,2007
18,5,791,521,2528
18,6,799,491,3019
18,7,797,446,3465
18,8,815,455,3920
18,9,799,429,4349
18,10,820,420,4769
18,11,845,440,5209
18,12,831,435,5644
18,13,863,453,6097
18,14,839,402,6499
18,15,844,402,6901
19,1,522,522,522
19,2,689,522,1044
19,3,754,535,1579
19,4,779,504,2083
19,5,783,486,2569
19,6,799,490,3059
19,7,804,467,3526
19,8,823,462,3988
19,9,812,438,4426
19,10,822,453,4879
19,11,827,429,5308
19,12,836,448,5756
19,13,858,443,6199
19,14,840,415,6614
19,15,850,451,7065
20,1,536,536,536
20,2,703,541,1077
20,3,745,507,1584
20,4,791,512,2096
20,5,789,476,2572
20,6,783,449,3021
20,7,820,489,3510
20,8,829,475,3985
20,9,819,446,4431
20,10,848,461,4892
20,11,833,418,5310
20,12,820,416,5726
20,13,842,440,6166
20,14,837,416,6582
20,15,831,404,6986
21,1,542,542,542
21,2,676,513,1055
21,3,730,512,1567
21,4,769,512,2079
21,5,801,491,2570
21,6,813,503,3073
21,7,806,474,3547
21,8,825,455,4002
21,9,825,434,4436
21,10,825,435,4871
21,11,826,431,5302
21,12,834,447,5749
21,13,802,411,6160
21,14,811,407,6567
21,15,844,403,6970
22,1,536,536,536
22,2,678,498,1034
22,3,739,502,1536
22,4,748,480,2016
22,5,758,475,2491
22,6,807,494,2985
22,7,809,474,3459
22,8,819,475,3934
22,9,830,468,4402
22,10,804,425,4827
22,11,835,446,5273
22,12,828,435,5708
22,13,822,413,6121
22,14,831,442,6563
22,15,827,415,6978
23,1,439,439,439
23,2,608,457,896
23,3,672,464,1360
23,4,745,513,1873
23,5,751,465,2338
23,6,764,447,2785
23,7,742,408,3193
23,8,791,437,3630
23,9,767,409,4039
23,10,805,422,4461
23,11,785,417,4878
23,12,790,397,5275
23,13,780,376,5651
23,14,819,401,6052
23,15,791,362,6414
24,1,494,494,494
24,2,623,471,965
24,3,689,460,1425
24,4,718,433,1858
24,5,741,463,2321
24,6,761,450,2771
24,7,773,440,3211
24,8,770,421,3632
24,9,790,423,4055
24,10,785,391,4446
24,11,793,434,4880
24,12,807,420,5300
24,13,794,397,5697
24,14,812,397,6094
24,15,809,389,6483
25,1,502,502,502
25,2,674,513,1015
25,3,717,481,1496
25,4,736,455,1951
25,5,754,444,2395
25,6,765,447,2842
25,7,813,464,3306
25,8,782,422,3728
25,9,806,439,4167
25,10,813,425,4592
25,11,814,434,5026
25,12,830,424,5450
25,13,809,396,5846
25,14,807,401,6247
25,15,818,404,6651
26,1,544,544,544
26,2,672,496,1040
26,3,711,500,1540
26,4,756,465,2005
26,5,758,467,2472
26,6,774,423,2895
26,7,808,475,3370
26,8,789,421,3791
26,9,782,408,4199
26,10,819,437,4636
26,11,823,446,5082
26,12,828,429,5511
26,13,832,407,5918
26,14,835,434,6352
26,15,841,380,6732
27,1,533,533,533
27,2,681,517,1050
27,3,751,527,1577
27,4,769,492,2069
27,5,786,498,2567
27,6,812,489,3056
27,7,805,456,3512
27,8,807,459,3971
27,9,798,416,4387
27,10,834,446,4833
27,11,823,429,5262
27,12,819,397,5659
27,13,849,455,6114
27,14,828,385,6499
27,15,857,420,6919
28,1,527,527,527
28,2,691,532,1059
28,3,744,504,1563
28,4,764,499,2062
28,5,791,503,2565
28,6,803,468,3033
28,7,782,455,3488
28,8,825,488,3976
28,9,824,450,4426
28,10,827,449,4875
28,11,821,428,5303
28,12,823,424,5727
28,13,826,420,6147
28,14,840,406,6553
28,15,837,400,6953
29,1,528,528,528
29,2,667,496,1024
29,3,722,497,1521
29,4,767,502,2023
29,5,785,484,2507
29,6,780,460,2967
29,7,819,478,3445
29,8,806,446,3891
29,9,812,445,4336
29,10,828,456,4792
29,11,824,444,5236
29,12,826,422,5658
29,13,843,448,6106
29,14,840,423,6529
29,15,836,422,6951
30,1,542,542,542
30,2,680,504,1046
30,3,768,526,1572
30,4,775,495,2067
30,5,797,499,2566
30,6,810,484,3050
30,7,801,471,3521
30,8,811,464,3985
30,9,822,456,4441
30,10,839,471,4912
30,11,820,437,5349
30,12,836,424,5773
30,13,833,449,6222
30,14,851,424,6646
30,15,837,413,7059
31,1,543,543,543
31,2,711,537,1080
31,3,750,508,1588
31,4,757,490,2078
31,5,810,508,2586
31,6,811,494,3080
31,7,810,464,3544
31,8,825,471,4015
31,9,821,443,4458
31,10,810,442,4900
31,11,828,443,5343
31,12,838,438,5781
31,13,833,444,6225
31,14,824,409,6634
31,15,855,424,7058
32,1,546,546,546
32,2,707,532,1078
32,3,711,468,1546
32,4,765,497,2043
32,5,813,524,2567
32,6,826,502,3069
32,7,807,491,3560
32,8,814,468,4028
32,9,839,456,4484
32,10,811,413,4897
32,11,821,417,5314
32,12,820,405,5719
32,13,834,416,6135
32,14,841,411,6546
32,15,844,402,6948
33,1,535,535,535
33,2,669,503,1038
33,3,720,469,1507
33,4,746,488,1995
33,5,776,496,2491
33,6,796,458,2949
33,7,814,459,3408
33,8,816,464,3872
33,9,816,451,4323
33,10,809,416,4739
33,11,828,436,5175
33,12,838,433,5608
33,13,820,416,6024
33,14,827,417,6441
33,15,826,400,6841
34,1,521,521,521
34,2,673,510,1031
34,3,731,504,1535
34,4,744,484,2019
34,5,768,474,2493
34,6,799,521,3014
34,7,790,443,3457
34,8,783,440,3897
34,9,809,443,4340
34,10,794,420,4760
34,11,800,385,5145
34,12,826,429,5574
34,13,840,419,5993
34,14,868,444,6437
34,15,823,405,6842
35,1,515,515,515
35,2,676,506,1021
35,3,736,504,1525
35,4,751,482,2007
35,5,777,485,2492
35,6,786,452,2944
35,7,807,452,3396
35,8,815,432,3828
35,9,819,443,4271
35,10,821,464,4735
35,11,852,426,5161
35,12,829,423,5584
35,13,836,416,6000
35,14,821,403,6403
35,15,842,400,6803
36,1,547,547,547
36,2,698,523,1070
36,3,731,492,1562
36,4,780,509,2071
36,5,774,490,2561
36,6,797,474,3035
36,7,785,456,3491
36,8,817,470,3961
36,9,816,434,4395
36,10,787,409,4804
36,11,812,422,5226
36,12,833,417,5643
36,13,802,396,6039
36,14,821,401,6440
36,15,828,393,6833
37,1,523,523,523
37,2,664,505,1028
37,3,727,500,1528
37,4,758,466,1994
37,5,746,453,2447
37,6,773,479,2926
37,7,791,460,3386
37,8,788,428,3814
37,9,790,404,4218
37,10,810,441,4659
37,11,832,442,5101
37,12,821,417,5518
37,13,847,412,5930
37,14,814,405,6335
37,15,824,422,6757
38,1,544,544,544
38,2,695,528,1072
38,3,728,485,1557
38,4,773,491,2048
38,5,775,469,2517
38,6,792,474,2991
38,7,816,477,3468
38,8,803,451,3919
38,9,816,451,4370
38,10,814,421,4791
38,11,820,438,5229
38,12,853,428,5657
38,13,852,406,6063
38,14,839,393,6456
38,15,833,398,6854
39,1,536,536,536
39,2,701,518,1054
39,3,753,526,1580
39,4,763,487,2067
39,5,795,497,2564
39,6,814,515,3079
39,7,802,473,3552
39,8,814,478,4030
39,9,830,444,4474
39,10,820,416,4890
39,11,844,448,5338
39,12,845,424,5762
39,13,850,429,6191
39,14,858,433,6624
39,15,835,388,7012
40,1,550,550,550
40,2,678,504,1054
40,3,740,498,1552
40,4,747,468,2020
40,5,786,518,2538
40,6,791,481,3019
40,7,815,465,3484
40,8,832,475,3959
40,9,806,447,4406
40,10,837,446,4852
40,11,813,417,5269
40,12,829,416,5685
40,13,846,434,6119
40,14,827,393,6512
40,15,841,422,6934
41,1,537,537,537
41,2,730,554,1091
41,3,767,539,1630
41,4,783,512,2142
41,5,787,463,2605
41,6,797,490,3095
41,7,801,480,3575
41,8,820,452,4027
41,9,816,446,4473
41,10,808,434,4907
41,11,845,455,5362
41,12,845,407,5769
41,13,841,411,6180
41,14,807,367,6547
41,15,860,430,6977
42,1,542,542,542
42,2,708,532,1074
42,3,760,522,1596
42,4,785,511,2107
42,5,780,478,2585
42,6,798,469,3054
42,7,814,485,3539
42,8,823,478,4017
42,9,838,461,4478
42,10,826,458,4936
42,11,833,445,5381
42,12,849,448,5829
42,13,837,433,6262
42,14,864,435,6697
42,15,841,413,7110
43,1,550,550,550
43,2,687,525,1075
43,3,751,530,1605
43,4,791,534,2139
43,5,787,515,2654
43,6,800,479,3133
43,7,815,484,3617
43,8,802,441,4058
43,9,831,465,4523
43,10,842,445,4968
43,11,804,425,5393
43,12,839,433,5826
43,13,843,425,6251
43,14,856,440,6691
43,15,850,403,7094
44,1,528,528,528
44,2,694,524,1052
44,3,745,516,1568
44,4,754,499,2067
44,5,781,486,2553
44,6,783,452,3005
44,7,820,471,3476
44,8,821,481,3957
44,9,825,457,4414
44,10,818,430,4844
44,11,808,437,5281
44,12,810,422,5703
44,13,826,398,6101
44,14,855,405,6506
44,15,824,389,6895
45,1,526,526,526
45,2,681,505,1031
45,3,737,516,1547
45,4,748,488,2035
45,5,791,495,2530
45,6,807,484,3014
45,7,816,454,3468
45,8,802,424,3892
45,9,830,471,4363
45,10,824,455,4818
45,11,828,445,5263
45,12,826,442,5705
45,13,856,438,6143
45,14,843,442,6585
45,15,843,407,6992
46,1,555,555,555
46,2,709,531,1086
46,3,728,498,1584
46,4,790,508,2092
46,5,794,505,2597
46,6,800,509,3106
46,7,809,459,3565
46,8,818,453,4018
46,9,807,442,4460
46,10,832,438,4898
46,11,837,431,5329
46,12,860,443,5772
46,13,851,430,6202
46,14,837,398,6600
46,15,824,391,6991
47,1,529,529,529
47,2,706,546,1075
47,3,733,494,1569
47,4,766,508,2077
47,5,803,498,2575
47,6,795,455,3030
47,7,824,485,3515
47,8,821,464,3979
47,9,828,456,4435
47,10,831,428,4863
47,11,820,423,5286
47,12,846,425,5711
47,13,844,418,6129
47,14,838,400,6529
47,15,854,400,6929
48,1,542,542,542
48,2,707,553,1095
48,3,732,496,1591
48,4,786,528,2119
48,5,799,499,2618
48,6,807,472,3090
48,7,825,468,3558
48,8,809,487,4045
48,9,844,457,4502
48,10,835,451,4953
48,11,838,447,5400
48,12,828,430,5830
48,13,854,424,6254
48,14,838,441,6695
48,15,846,409,7104
49,1,541,541,541
49,2,679,508,1049
49,3,752,495,1544
49,4,787,493,2037
49,5,794,482,2519
49,6,813,476,2995
49,7,789,436,3431
49,8,829,466,3897
49,9,798,427,4324
49,10,820,443,4767
49,11,827,427,5194
49,12,825,418,5612
49,13,843,411,6023
49,14,826,425,6448
49,15,847,404,6852
50,1,524,524,524
50,2,689,532,1056
50,3,765,546,1602
50,4,773,509,2111
50,5,798,510,2621
50,6,828,513,3134
50,7,814,478,3612
50,8,842,475,4087
50,9,834,463,4550
50,10,836,443,4993
50,11,848,448,5441
50,12,841,432,5873
50,13,849,439,6312
50,14,850,424,6736
50,15,859,445,7181
51,1,522,522,522
51,2,683,511,1033
51,3,737,511,1544
51,4,785,500,2044
51,5,778,464,2508
51,6,816,489,2997
51,7,767,447,3444
51,8,812,439,3883
51,9,823,458,4341
51,10,795,418,4759
51,11,827,424,5183
51,12,840,425,5608
51,13,800,379,5987
51,14,830,409,6396
51,15,845,406,6802
52,1,529,529,529
52,2,699,544,1073
52,3,768,553,1626
52,4,795,517,2143
52,5,806,512,2655
52,6,810,482,3137
52,7,817,489,3626
52,8,830,490,4116
52,9,819,457,4573
52,10,835,466,5039
52,11,850,451,5490
52,12,840,436,5926
52,13,869,453,6379
52,14,857,443,6822
52,15,863,426,7248
53,1,533,533,533
53,2,684,516,1049
53,3,755,522,1571
53,4,783,491,2062
53,5,812,518,2580
53,6,779,471,3051
53,7,820,480,3531
53,8,795,432,3963
53,9,805,449,4412
53,10,819,433,4845
53,11,812,441,5286
53,12,822,409,5695
53,13,836,416,6111
53,14,849,431,6542
53,15,834,402,6944
54,1,492,492,492
54,2,663,497,989
54,3,724,510,1499
54,4,753,486,1985
54,5,752,458,2443
54,6,767,450,2893
54,7,765,446,3339
54,8,800,449,3788
54,9,788,428,4216
54,10,790,419,4635
54,11,835,439,5074
54,12,804,401,5475
54,13,838,417,5892
54,14,813,392,6284
54,15,839,434,6718
55,1,492,492,492
55,2,659,491,983
55,3,707,488,1471
55,4,708,427,1898
55,5,748,434,2332
55,6,759,423,2755
55,7,796,453,3208
55,8,790,434,3642
55,9,792,393,4035
55,10,789,406,4441
55,11,794,393,4834
55,12,810,418,5252
55,13,800,402,5654
55,14,784,354,6008
55,15,806,364,6372
56,1,520,520,520
56,2,700,532,1052
56,3,739,515,1567
56,4,773,501,2068
56,5,764,450,2518
56,6,785,457,2975
56,7,822,500,3475
56,8,814,475,3950
56,9,809,447,4397
56,10,827,436,4833
56,11,840,432,5265
56,12,828,453,5718
56,13,816,400,6118
56,14,809,382,6500
56,15,822,372,6872
57,1,331,331,331
57,2,582,465,796
57,3,646,449,1245
57,4,712,481,1726
57,5,740,491,2217
57,6,766,486,2703
57,7,760,456,3159
57,8,774,427,3586
57,9,782,435,4021
57,10,777,412,4433
57,11,806,462,4895
57,12,801,419,5314
57,13,810,444,5758
57,14,807,423,6181
57,15,814,382,6563
58,1,473,473,473
58,2,666,503,976
58,3,720,524,1500
58,4,754,491,1991
58,5,768,447,2438
58,6,769,474,2912
58,7,769,444,3356
58,8,803,449,3805
58,9,817,436,4241
58,10,777,390,4631
58,11,807,423,5054
58,12,766,392,5446
58,13,807,411,5857
58,14,826,403,6260
58,15,808,392,6652
59,1,521,521,521
59,2,659,487,1008
59,3,754,539,1547
59,4,756,489,2036
59,5,791,481,2517
59,6,799,485,3002
59,7,814,462,3464
59,8,818,440,3904
59,9,827,447,4351
59,10,821,443,4794
59,11,832,427,5221
59,12,829,430,5651
59,13,853,444,6095
59,14,832,438,6533
59,15,816,401,6934
60,1,543,543,543
60,2,714,540,1083
60,3,738,499,1582
60,4,751,474,2056
60,5,775,477,2533
60,6,793,475,3008
60,7,784,438,3446
60,8,801,455,3901
60,9,828,473,4374
60,10,817,448,4822
60,11,811,416,5238
60,12,842,432,5670
60,13,829,413,6083
60,14,862,438,6521
60,15,847,408,6929
61,1,488,488,488
61,2,643,481,969
61,3,700,491,1460
61,4,723,466,1926
61,5,766,472,2398
61,6,770,468,2866
61,7,774,422,3288
61,8,790,446,3734
61,9,804,432,4166
61,10,796,407,4573
61,11,807,426,4999
61,12,795,406,5405
61,13,775,383,5788
61,14,817,400,6188
61,15,827,413,6601
62,1,492,492,492
62,2,671,497,989
62,3,734,494,1483
62,4,743,466,1949
62,5,745,445,2394
62,6,769,470,2864
62,7,785,456,3320
62,8,790,435,3755
62,9,801,437,4192
62,10,814,437,4629
62,11,824,419,5048
62,12,790,396,5444
62,13,821,411,5855
62,14,824,397,6252
62,15,820,374,6626
63,1,527,527,527
63,2,689,511,1038
63,3,701,474,1512
63,4,775,506,2018
63,5,764,480,2498
63,6,770,469,2967
63,7,815,455,3422
63,8,805,452,3874
63,9,811,441,4315
63,10,809,417,4732
63,11,844,429,5161
63,12,844,447,5608
63,13,831,407,6015
63,14,830,424,6439
63,15,858,438,6877
64,1,522,522,522
64,2,705,529,1051
64,3,735,500,1551
64,4,766,495,2046
64,5,804,493,2539
64,6,799,484,3023
64,7,814,487,3510
64,8,806,454,3964
64,9,811,442,4406
64,10,829,440,4846
64,11,826,453,5299
64,12,813,398,5697
64,13,819,385,6082
64,14,865,436,6518
64,15,845,407,6925
65,1,518,518,518
65,2,689,515,1033
65,3,748,517,1550
65,4,769,502,2052
65,5,781,476,2528
65,6,803,493,3021
65,7,816,464,3485
65,8,826,476,3961
65,9,834,461,4422
65,10,826,440,4862
65,11,825,463,5325
65,12,853,484,5809
65,13,835,426,6235
65,14,859,424,6659
65,15,851,431,7090
66,1,532,532,532
66,2,698,518,1050
66,3,731,490,1540
66,4,779,498,2038
66,5,760,456,2494
66,6,802,482,2976
66,7,812,446,3422
66,8,791,429,3851
66,9,779,412,4263
66,10,811,439,4702
66,11,846,458,5160
66,12,815,395,5555
66,13,835,417,5972
66,14,838,418,6390
66,15,842,403,6793
67,1,538,538,538
67,2,686,513,1051
67,3,702,443,1494
67,4,775,477,1971
67,5,786,477,2448
67,6,795,482,2930
67,7,800,447,3377
67,8,821,445,3822
67,9,805,441,4263
67,10,853,481,4744
67,11,835,447,5191
67,12,831,408,5599
67,13,834,420,6019
67,14,832,421,6440
67,15,835,396,6836
68,1,532,532,532
68,2,696,526,1058
68,3,733,509,1567
68,4,789,514,2081
68,5,792,504,2585
68,6,819,514,3099
68,7,821,483,3582
68,8,827,480,4062
68,9,823,441,4503
68,10,833,466,4969
68,11,825,434,5403
68,12,845,446,5849
68,13,836,416,6265
68,14,846,418,6683
68,15,854,411,7094
69,1,505,505,505
69,2,709,535,1040
69,3,747,509,1549
69,4,780,517,2066
69,5,782,478,2544
69,6,810,504,3048
69,7,831,483,3531
69,8,834,468,3999
69,9,846,463,4462
69,10,832,454,4916
69,11,823,439,5355
69,12,855,448,5803
69,13,827,437,6240
69,14,849,426,6666
69,15,839,430,7096
70,1,508,508,508
70,2,685,511,1019
70,3,754,523,1542
70,4,792,509,2051
70,5,798,507,2558
70,6,800,484,3042
70,7,815,488,3530
70,8,808,460,3990
70,9,827,478,4468
70,10,830,446,4914
70,11,836,452,5366
70,12,822,430,5796
70,13,871,477,6273
70,14,853,428,6701
70,15,823,408,7109
71,1,532,532,532
71,2,704,533,1065
71,3,780,549,1614
71,4,767,512,2126
71,5,798,472,2598
71,6,814,499,3097
71,7,807,466,3563
71,8,842,495,4058
71,9,839,478,4536
71,10,821,441,4977
71,11,811,415,5392
71,12,834,420,5812
71,13,827,416,6228
71,14,836,419,6647
71,15,834,394,7041
72,1,552,552,552
72,2,684,511,1063
72,3,717,490,1553
72,4,742,458,2011
72,5,785,484,2495
72,6,792,472,2967
72,7,795,468,3435
72,8,799,453,3888
72,9,806,453,4341
72,10,816,436,4777
72,11,844,433,5210
72,12,807,411,5621
72,13,819,388,6009
72,14,847,426,6435
72,15,818,398,6833
73,1,529,529,529
73,2,672,499,1028
73,3,729,494,1522
73,4,765,481,2003
73,5,807,522,2525
73,6,784,453,2978
73,7,809,460,3438
73,8,803,454,3892
73,9,812,441,4333
73,10,836,473,4806
73,11,846,445,5251
73,12,840,423,5674
73,13,851,435,6109
73,14,838,399,6508
73,15,845,408,6916
74,1,538,538,538
74,2,690,519,1057
74,3,749,507,1564
74,4,758,485,2049
74,5,783,484,2533
74,6,796,476,3009
74,7,813,491,3500
74,8,843,480,3980
74,9,814,466,4446
74,10,836,428,4874
74,11,812,426,5300
74,12,810,428,5728
74,13,837,445,6173
74,14,820,393,6566
74,15,836,421,6987
75,1,533,533,533
75,2,709,539,1072
75,3,743,523,1595
75,4,775,515,2110
75,5,783,494,2604
75,6,812,495,3099
75,7,828,469,3568
75,8,804,470,4038
75,9,818,451,4489
75,10,836,463,4952
75,11,830,436,5388
75,12,851,445,5833
75,13,833,399,6232
75,14,853,448,6680
75,15,825,367,7047
76,1,556,556,556
76,2,715,541,1097
76,3,740,503,1600
76,4,762,500,2100
76,5,774,485,2585
76,6,790,471,3056
76,7,806,469,3525
76,8,805,437,3962
76,9,837,440,4402
76,10,833,442,4844
76,11,813,430,5274
76,12,831,433,5707
76,13,845,428,6135
76,14,843,436,6571
76,15,851,426,6997
77,1,513,513,513
77,2,699,537,1050
77,3,750,507,1557
77,4,758,480,2037
77,5,769,465,2502
77,6,807,495,2997
77,7,798,452,3449
77,8,810,460,3909
77,9,785,428,4337
77,10,826,455,4792
77,11,844,435,5227
77,12,822,396,5623
77,13,837,426,6049
77,14,838,419,6468
77,15,837,406,6874
78,1,535,535,535
78,2,678,512,1047
78,3,753,538,1585
78,4,753,511,2096
78,5,789,497,2593
78,6,811,474,3067
78,7,797,457,3524
78,8,824,472,3996
78,9,816,420,4416
78,10,828,453,4869
78,11,842,444,5313
78,12,836,429,5742
78,13,823,404,6146
78,14,847,423,6569
78,15,829,397,6966
79,1,533,533,533
79,2,694,548,1081
79,3,747,515,1596
79,4,761,495,2091
79,5,815,515,2606
79,6,831,511,3117
79,7,807,464,3581
79,8,837,470,4051
79,9,812,428,4479
79,10,828,455,4934
79,11,842,451,5385
79,12,835,445,5830
79,13,841,445,6275
79,14,833,420,6695
79,15,837,420,7115
80,1,505,505,505
80,2,691,518,1023
80,3,743,495,1518
80,4,751,510,2028
80,5,782,483,2511
80,6,800,485,2996
80,7,782,461,3457
80,8,835,473,3930
80,9,831,467,4397
80,10,826,443,4840
80,11,829,422,5262
80,12,849,421,5683
80,13,833,397,6080
80,14,842,412,6492
80,15,836,403,6895
81,1,538,538,538
81,2,682,516,1054
81,3,727,497,1551
81,4,747,455,2006
81,5,786,474,2480
81,6,792,450,2930
81,7,780,440,3370
81,8,815,464,3834
81,9,806,440,4274
81,10,801,458,4732
81,11,807,405,5137
81,12,797,378,5515
81,13,841,410,5925
81,14,851,443,6368
81,15,842,395,6763
82,1,514,514,514
82,2,711,536,1050
82,3,747,518,1568
82,4,777,506,2074
82,5,769,467,2541
82,6,781,474,3015
82,7,778,434,3449
82,8,820,444,3893
82,9,795,452,4345
82,10,806,420,4765
82,11,807,414,5179
82,12,828,412,5591
82,13,825,411,6002
82,14,830,405,6407
82,15,826,394,6801
83,1,543,543,543
83,2,676,510,1053
83,3,755,505,1558
83,4,737,490,2048
83,5,786,488,2536
83,6,785,459,2995
83,7,801,446,3441
83,8,801,445,3886
83,9,828,435,4321
83,10,797,418,4739
83,11,831,434,5173
83,12,822,400,5573
83,13,833,428,6001
83,14,826,382,6383
83,15,837,387,6770
84,1,540,540,540
84,2,683,515,1055
84,3,761,537,1592
84,4,750,484,2076
84,5,799,484,2560
84,6,798,461,3021
84,7,793,458,3479
84,8,809,464,3943
84,9,826,453,4396
84,10,835,436,4832
84,11,815,451,5283
84,12,836,418,5701
84,13,827,418,6119
84,14,830,435,6554
84,15,836,402,6956
85,1,499,499,499
85,2,694,541,1040
85,3,747,522,1562
85,4,749,495,2057
85,5,806,502,2559
85,6,797,491,3050
85,7,825,484,3534
85,8,811,458,3992
85,9,821,453,4445
85,10,845,460,4905
85,11,821,430,5335
85,12,823,410,5745
85,13,822,416,6161
85,14,833,390,6551
85,15,822,401,6952
86,1,543,543,543
86,2,652,484,1027
86,3,721,493,1520
86,4,751,486,2006
86,5,755,451,2457
86,6,803,486,2943
86,7,793,446,3389
86,8,798,442,3831
86,9,821,425,4256
86,10,810,421,4677
86,11,819,395,5072
86,12,795,396,5468
86,13,810,424,5892
86,14,838,395,6287
86,15,831,396,6683
87,1,530,530,530
87,2,695,522,1052
87,3,737,520,1572
87,4,775,498,2070
87,5,785,484,2554
87,6,779,462,3016
87,7,808,477,3493
87,8,849,483,3976
87,9,805,429,4405
87,10,828,444,4849
87,11,811,424,5273
87,12,822,432,5705
87,13,863,439,6144
87,14,842,435,6579
87,15,831,413,6992
88,1,509,509,509
88,2,658,490,999
88,3,715,504,1503
88,4,783,522,2025
88,5,789,495,2520
88,6,788,463,2983
88,7,827,466,3449
88,8,830,472,3921
88,9,832,478,4399
88,10,838,455,4854
88,11,811,436,5290
88,12,838,438,5728
88,13,840,425,6153
88,14,863,412,6565
88,15,832,405,6970
89,1,562,562,562
89,2,701,539,1101
89,3,739,504,1605
89,4,753,480,2085
89,5,783,480,2565
89,6,804,470,3035
89,7,833,466,3501
89,8,811,439,3940
89,9,824,452,4392
89,10,823,441,4833
89,11,836,437,5270
89,12,838,449,5719
89,13,847,430,6149
89,14,847,429,6578
89,15,840,401,6979
90,1,521,521,521
90,2,671,497,1018
90,3,760,536,1554
90,4,771,500,2054
90,5,756,478,2532
90,6,817,497,3029
90,7,826,504,3533
90,8,810,461,3994
90,9,852,487,4481
90,10,835,450,4931
90,11,852,445,5376
90,12,853,442,5818
90,13,842,423,6241
90,14,825,403,6644
90,15,840,420,7064
91,1,535,535,535
91,2,672,503,1038
91,3,746,508,1546
91,4,776,502,2048
91,5,784,480,2528
91,6,817,482,3010
91,7,817,467,3477
91,8,823,470,3947
91,9,820,453,4400
91,10,839,436,4836
91,11,809,405,5241
91,12,824,422,5663
91,13,837,403,6066
91,14,816,397,6463
91,15,817,405,6868
92,1,562,562,562
92,2,698,536,1098
92,3,748,513,1611
92,4,773,497,2108
92,5,787,487,2595
92,6,810,484,3079
92,7,812,456,3535
92,8,824,467,4002
92,9,827,467,4469
92,10,823,413,4882
92,11,846,455,5337
92,12,839,439,5776
92,13,828,409,6185
92,14,832,411,6596
92,15,841,403,6999
93,1,554,554,554
93,2,709,541,1095
93,3,747,529,1624
93,4,777,484,2108
93,5,781,482,2590
93,6,798,493,3083
93,7,792,440,3523
93,8,807,445,3968
93,9,813,447,4415
93,10,820,441,4856
93,11,812,421,5277
93,12,839,428,5705
93,13,844,383,6088
93,14,830,401,6489
93,15,842,429,6918
94,1,553,553,553
94,2,671,507,1060
94,3,728,488,1548
94,4,756,481,2029
94,5,797,499,2528
94,6,783,462,2990
94,7,840,486,3476
94,8,829,453,3929
94,9,818,449,4378
94,10,829,433,4811
94,11,817,412,5223
94,12,838,423,5646
94,13,820,408,6054
94,14,835,415,6469
94,15,853,391,6860
95,1,542,542,542
95,2,723,565,1107
95,3,765,524,1631
95,4,755,508,2139
95,5,792,479,2618
95,6,803,476,3094
95,7,822,492,3586
95,8,814,467,4053
95,9,833,467,4520
95,10,849,463,4983
95,11,847,445,5428
95,12,824,436,5864
95,13,831,396,6260
95,14,843,428,6688
95,15,853,424,7112
96,1,555,555,555
96,2,689,515,1070
96,3,745,509,1579
96,4,756,481,2060
96,5,780,482,2542
96,6,794,479,3021
96,7,815,489,3510
96,8,819,467,3977
96,9,827,432,4409
96,10,817,433,4842
96,11,829,441,5283
96,12,828,424,5707
96,13,822,416,6123
96,14,862,425,6548
96,15,831,383,6931
97,1,540,540,540
97,2,672,509,1049
97,3,752,527,1576
97,4,762,503,2079
97,5,792,495,2574
97,6,796,481,3055
97,7,803,454,3509
97,8,831,478,3987
97,9,831,458,4445
97,10,823,455,4900
97,11,862,460,5360
97,12,850,461,5821
97,13,841,442,6263
97,14,847,435,6698
97,15,843,415,7113
98,1,546,546,546
98,2,677,515,1061
98,3,728,490,1551
98,4,752,495,2046
98,5,787,470,2516
98,6,795,484,3000
98,7,800,456,3456
98,8,798,447,3903
98,9,836,451,4354
98,10,812,432,4786
98,11,844,470,5256
98,12,811,429,5685
98,13,822,404,6089
98,14,820,381,6470
98,15,839,407,6877
99,1,539,539,539
99,2,684,512,1051
99,3,728,502,1553
99,4,772,505,2058
99,5,797,486,2544
99,6,812,488,3032
99,7,822,480,3512
99,8,816,466,3978
99,9,829,446,4424
99,10,825,435,4859
99,11,809,427,5286
99,12,811,412,5698
99,13,850,440,6138
99,14,833,386,6524
99,15,817,400,6924
100,1,514,514,514
100,2,668,517,1031
100,3,722,503,1534
100,4,757,492,2026
100,5,792,490,2516
100,6,798,485,3001
100,7,820,497,3498
100,8,826,486,3984
100,9,812,426,4410
100,10,851,442,4852
100,11,848,462,5314
100,12,852,438,5752
100,13,823,400,6152
100,14,846,408,6560
100,15,861,439,6999
101,1,542,542,542
101,2,688,530,1072
101,3,731,504,1576
101,4,769,488,2064
101,5,790,487,2551
101,6,808,482,3033
101,7,801,452,3485
101,8,797,447,3932
101,9,818,439,4371
101,10,806,427,4798
101,11,824,431,5229
101,12,818,415,5644
101,13,850,435,6079
101,14,840,425,6504
101,15,837,404,6908
102,1,519,519,519
102,2,690,526,1045
102,3,761,540,1585
102,4,775,520,2105
102,5,815,524,2629
102,6,801,503,3132
102,7,823,479,3611
102,8,825,466,4077
102,9,850,462,4539
102,10,837,451,4990
102,11,840,448,5438
102,12,848,438,5876
102,13,841,449,6325
102,14,847,423,6748
102,15,854,434,7182
103,1,537,537,537
103,2,692,513,1050
103,3,735,496,1546
103,4,767,482,2028
103,5,765,482,2510
103,6,791,481,2991
103,7,802,460,3451
103,8,797,449,3900
103,9,789,398,4298
103,10,833,434,4732
103,11,846,436,5168
103,12,819,411,5579
103,13,816,407,5986
103,14,833,420,6406
103,15,847,412,6818
104,1,520,520,520
104,2,686,512,1032
104,3,738,506,1538
104,4,768,482,2020
104,5,772,474,2494
104,6,796,477,2971
104,7,804,440,3411
104,8,802,462,3873
104,9,828,461,4334
104,10,833,413,4747
104,11,823,437,5184
104,12,809,413,5597
104,13,842,423,6020
104,14,835,436,6456
104,15,854,436,6892
105,1,429,429,429
105,2,613,459,888
105,3,680,485,1373
105,4,720,456,1829
105,5,736,464,2293
105,6,773,447,2740
105,7,752,444,3184
105,8,785,443,3627
105,9,782,428,4055
105,10,796,424,4479
105,11,780,404,4883
105,12,813,412,5295
105,13,805,413,5708
105,14,806,431,6139
105,15,810,395,6534
106,1,415,415,415
106,2,610,461,876
106,3,670,468,1344
106,4,712,458,1802
106,5,740,452,2254
106,6,765,443,2697
106,7,771,429,3126
106,8,768,437,3563
106,9,796,443,4006
106,10,767,422,4428
106,11,781,401,4829
106,12,775,413,5242
106,13,810,411,5653
106,14,793,390,6043
106,15,828,390,6433
107,1,502,502,502
107,2,656,491,993
107,3,729,492,1485
107,4,717,446,1931
107,5,760,457,2388
107,6,784,461,2849
107,7,788,454,3303
107,8,802,432,3735
107,9,800,420,4155
107,10,787,401,4556
107,11,802,413,4969
107,12,822,424,5393
107,13,811,387,5780
107,14,833,452,6232
107,15,823,397,6629
108,1,418,418,418
108,2,598,453,871
108,3,668,454,1325
108,4,703,444,1769
108,5,758,514,2283
108,6,751,448,2731
108,7,758,436,3167
108,8,769,424,3591
108,9,778,410,4001
108,10,790,420,4421
108,11,800,435,4856
108,12,795,406,5262
108,13,819,422,5684
108,14,807,420,6104
108,15,812,403,6507
109,1,449,449,449
109,2,625,483,932
109,3,695,486,1418
109,4,717,471,1889
109,5,732,445,2334
109,6,753,450,2784
109,7,797,451,3235
109,8,793,453,3688
109,9,805,442,4130
109,10,781,420,4550
109,11,780,422,4972
109,12,824,437,5409
109,13,821,406,5815
109,14,799,388,6203
109,15,821,397,6600
110,1,445,445,445
110,2,614,461,906
110,3,678,465,1371
110,4,708,461,1832
110,5,737,455,2287
110,6,736,437,2724
110,7,770,462,3186
110,8,778,443,3629
110,9,767,423,4052
110,10,780,427,4479
110,11,816,440,4919
110,12,821,404,5323
110,13,814,404,5727
110,14,812,403,6130
110,15,828,373,6503
111,1,482,482,482
111,2,650,507,989
111,3,726,502,1491
111,4,740,485,1976
111,5,761,472,2448
111,6,795,467,2915
111,7,788,447,3362
111,8,796,440,3802
111,9,804,424,4226
111,10,811,442,4668
111,11,801,407,5075
111,12,797,374,5449
111,13,807,389,5838
111,14,816,381,6219
111,15,826,410,6629
112,1,327,327,327
112,2,569,456,783
112,3,686,497,1280
112,4,720,502,1782
112,5,781,500,2282
112,6,751,451,2733
112,7,770,474,3207
112,8,780,432,3639
112,9,771,422,4061
112,10,802,423,4484
112,11,783,412,4896
112,12,803,423,5319
112,13,813,423,5742
112,14,806,395,6137
112,15,811,415,6552
113,1,545,545,545
113,2,695,542,1087
113,3,749,510,1597
113,4,778,503,2100
113,5,768,453,2553
113,6,822,514,3067
113,7,808,460,3527
113,8,801,432,3959
113,9,819,458,4417
113,10,813,433,4850
113,11,832,436,5286
113,12,833,419,5705
113,13,833,403,6108
113,14,838,438,6546
113,15,827,427,6973
114,1,558,558,558
114,2,676,516,1074
114,3,747,509,1583
114,4,744,458,2041
114,5,774,482,2523
114,6,801,458,2981
114,7,809,453,3434
114,8,828,470,3904
114,9,823,449,4353
114,10,818,458,4811
114,11,817,431,5242
114,12,823,443,5685
114,13,821,403,6088
114,14,819,382,6470
114,15,833,415,6885
115,1,532,532,532
115,2,674,512,1044
115,3,722,485,1529
115,4,760,470,1999
115,5,748,467,2466
115,6,789,446,2912
115,7,802,431,3343
115,8,780,429,3772
115,9,821,443,4215
115,10,799,405,4620
115,11,822,413,5033
115,12,828,412,5445
115,13,813,396,5841
115,14,826,399,6240
115,15,807,361,6601
116,1,516,516,516
116,2,695,531,1047
116,3,730,495,1542
116,4,742,456,1998
116,5,782,481,2479
116,6,792,481,2960
116,7,800,451,3411
116,8,820,452,3863
116,9,828,458,4321
116,10,813,441,4762
116,11,811,448,5210
116,12,827,401,5611
116,13,835,411,6022
116,14,826,389,6411
116,15,840,397,6808
117,1,530,530,530
117,2,685,517,1047
117,3,724,501,1548
117,4,764,497,2045
117,5,780,496,2541
117,6,779,468,3009
117,7,821,475,3484
117,8,819,439,3923
117,9,813,429,4352
117,10,851,476,4828
117,11,830,439,5267
117,12,829,411,5678
117,13,834,435,6113
117,14,842,408,6521
117,15,854,443,6964
118,1,536,536,536
118,2,691,522,1058
118,3,757,521,1579
118,4,776,511,2090
118,5,783,478,2568
118,6,803,470,3038
118,7,801,461,3499
118,8,820,463,3962
118,9,826,462,4424
118,10,829,429,4853
118,11,837,432,5285
118,12,829,435,5720
118,13,837,414,6134
118,14,850,432,6566
118,15,825,403,6969
119,1,540,540,540
119,2,676,512,1052
119,3,750,527,1579
119,4,746,488,2067
119,5,781,501,2568
119,6,769,467,3035
119,7,793,456,3491
119,8,814,454,3945
119,9,810,463,4408
119,10,804,413,4821
119,11,810,418,5239
119,12,842,447,5686
119,13,830,420,6106
119,14,832,419,6525
119,15,834,402,6927
120,1,491,491,491
120,2,669,503,994
120,3,728,500,1494
120,4,757,492,1986
120,5,753,471,2457
120,6,796,489,2946
120,7,777,428,3374
120,8,801,471,3845
120,9,797,432,4277
120,10,807,444,4721
120,11,789,384,5105
120,12,801,408,5513
120,13,824,398,5911
120,14,841,423,6334
120,15,818,391,6725
121,1,487,487,487
121,2,638,475,962
121,3,691,476,1438
121,4,773,512,1950
121,5,776,491,2441
121,6,792,467,2908
121,7,795,456,3364
121,8,803,469,3833
121,9,816,435,4268
121,10,832,432,4700
121,11,808,412,5112
121,12,836,421,5533
121,13,824,399,5932
121,14,840,410,6342
121,15,827,372,6714
122,1,522,522,522
122,2,654,469,991
122,3,733,473,1464
122,4,732,473,1937
122,5,780,486,2423
122,6,785,451,2874
122,7,803,459,3333
122,8,799,452,3785
122,9,765,405,4190
122,10,790,432,4622
122,11,795,383,5005
122,12,814,398,5403
122,13,808,397,5800
122,14,829,415,6215
122,15,817,381,6596
123,1,554,554,554
123,2,692,529,1083
123,3,757,528,1611
123,4,775,486,2097
123,5,788,481,2578
123,6,808,487,3065
123,7,795,462,3527
123,8,815,480,4007
123,9,810,447,4454
123,10,829,444,4898
123,11,828,434,5332
123,12,820,424,5756
123,13,839,411,6167
123,14,850,422,6589
123,15,824,389,6978
124,1,528,528,528
124,2,674,508,1036
124,3,737,494,1530
124,4,785,504,2034
124,5,778,495,2529
124,6,787,480,3009
124,7,820,447,3456
124,8,817,476,3932
124,9,826,466,4398
124,10,829,458,4856
124,11,838,444,5300
124,12,850,443,5743
124,13,843,420,6163
124,14,826,411,6574
124,15,832,397,6971
125,1,535,535,535
125,2,702,532,1067
125,3,722,496,1563
125,4,756,486,2049
125,5,788,479,2528
125,6,791,467,2995
125,7,782,457,3452
125,8,833,458,3910
125,9,813,447,4357
125,10,818,449,4806
125,11,826,434,5240
125,12,832,425,5665
125,13,859,437,6102
125,14,848,446,6548
125,15,847,424,6972
126,1,532,532,532
126,2,655,478,1010
126,3,747,514,1524
126,4,762,507,2031
126,5,786,480,2511
126,6,810,490,3001
126,7,820,476,3477
126,8,813,462,3939
126,9,810,449,4388
126,10,829,455,4843
126,11,838,418,5261
126,12,842,432,5693
126,13,844,408,6101
126,14,831,430,6531
126,15,843,416,6947
127,1,445,445,445
127,2,628,482,927
127,3,712,492,1419
127,4,730,481,1900
127,5,771,475,2375
127,6,761,434,2809
127,7,785,454,3263
127,8,785,469,3732
127,9,806,452,4184
127,10,792,411,4595
127,11,803,441,5036
127,12,822,437,5473
127,13,817,417,5890
127,14,807,377,6267
127,15,843,431,6698
128,1,468,468,468
128,2,620,457,925
128,3,692,463,1388
128,4,709,460,1848
128,5,764,458,2306
128,6,746,433,2739
128,7,777,439,3178
128,8,769,433,3611
128,9,789,429,4040
128,10,785,416,4456
128,11,812,430,4886
128,12,823,400,5286
128,13,801,400,5686
128,14,816,404,6090
128,15,811,413,6503
129,1,516,516,516
129,2,683,520,1036
129,3,776,551,1587
129,4,789,518,2105
129,5,787,494,2599
129,6,807,480,3079
129,7,797,454,3533
129,8,814,467,4000
129,9,813,447,4447
129,10,835,457,4904
129,11,811,409,5313
129,12,842,417,5730
129,13,822,430,6160
129,14,847,404,6564
129,15,829,380,6944
130,1,539,539,539
130,2,705,542,1081
130,3,724,511,1592
130,4,766,515,2107
130,5,802,514,2621
130,6,804,487,3108
130,7,849,509,3617
130,8,821,453,4070
130,9,828,466,4536
130,10,860,458,4994
130,11,863,460,5454
130,12,833,441,5895
130,13,830,406,6301
130,14,871,454,6755
130,15,837,421,7176
131,1,525,525,525
131,2,667,488,1013
131,3,726,476,1489
131,4,757,473,1962
131,5,768,479,2441
131,6,757,433,2874
131,7,779,427,3301
131,8,794,437,3738
131,9,798,420,4158
131,10,810,437,4595
131,11,806,404,4999
131,12,818,405,5404
131,13,816,411,5815
131,14,821,398,6213
131,15,830,383,6596
132,1,385,385,385
132,2,593,437,822
132,3,665,445,1267
132,4,735,483,1750
132,5,715,434,2184
132,6,768,459,2643
132,7,769,433,3076
132,8,787,439,3515
132,9,790,436,3951
132,10,811,411,4362
132,11,794,405,4767
132,12,819,387,5154
132,13,826,390,5544
132,14,850,401,5945
132,15,817,384,6329
133,1,367,367,367
133,2,598,459,826
133,3,678,463,1289
133,4,703,456,1745
133,5,728,435,2180
133,6,739,449,2629
133,7,792,446,3075
133,8,772,424,3499
133,9,789,408,3907
133,10,803,417,4324
133,11,821,436,4760
133,12,809,386,5146
133,13,821,401,5547
133,14,821,418,5965
133,15,820,360,6325
134,1,515,515,515
134,2,661,485,1000
134,3,713,486,1486
134,4,751,488,1974
134,5,761,472,2446
134,6,775,445,2891
134,7,766,436,3327
134,8,784,425,3752
134,9,777,407,4159
134,10,788,434,4593
134,11,800,401,4994
134,12,817,425,5419
134,13,826,426,5845
134,14,810,413,6258
134,15,812,404,6662
135,1,388,388,388
135,2,630,482,870
135,3,687,484,1354
135,4,742,477,1831
135,5,736,455,2286
135,6,762,470,2756
135,7,791,465,3221
135,8,787,406,3627
135,9,801,411,4038
135,10,793,408,4446
135,11,819,399,4845
135,12,820,409,5254
135,13,822,401,5655
135,14,835,395,6050
135,15,831,398,6448
136,1,506,506,506
136,2,700,540,1046
136,3,755,548,1594
136,4,758,486,2080
136,5,794,487,2567
136,6,818,486,3053
136,7,829,494,3547
136,8,834,453,4000
136,9,815,451,4451
136,10,821,447,4898
136,11,838,439,5337
136,12,836,425,5762
136,13,841,430,6192
136,14,831,405,6597
136,15,845,410,7007
137,1,560,560,560
137,2,680,507,1067
137,3,717,469,1536
137,4,768,492,2028
137,5,770,469,2497
137,6,790,470,2967
137,7,806,450,3417
137,8,805,433,3850
137,9,820,443,4293
137,10,797,425,4718
137,11,815,406,5124
137,12,807,418,5542
137,13,808,419,5961
137,14,808,386,6347
137,15,825,411,6758
138,1,372,372,372
138,2,589,451,823
138,3,678,445,1268
138,4,716,449,1717
138,5,733,431,2148
138,6,756,413,2561
138,7,754,412,2973
138,8,775,417,3390
138,9,802,418,3808
138,10,797,398,4206
138,11,786,387,4593
138,12,815,414,5007
138,13,795,356,5363
138,14,799,342,5705
138,15,813,377,6082
139,1,520,520,520
139,2,647,492,1012
139,3,746,520,1532
139,4,760,483,2015
139,5,771,489,2504
139,6,803,498,3002
139,7,809,469,3471
139,8,819,477,3948
139,9,807,419,4367
139,10,828,470,4837
139,11,847,424,5261
139,12,837,450,5711
139,13,838,432,6143
139,14,843,409,6552
139,15,844,418,6970
140,1,538,538,538
140,2,692,526,1064
140,3,740,524,1588
140,4,762,496,2084
140,5,782,492,2576
140,6,792,461,3037
140,7,828,475,3512
140,8,824,464,3976
140,9,811,435,4411
140,10,837,455,4866
140,11,828,430,5296
140,12,827,429,5725
140,13,830,424,6149
140,14,845,424,6573
140,15,840,411,6984
141,1,518,518,518
141,2,707,545,1063
141,3,737,508,1571
141,4,772,516,2087
141,5,782,475,2562
141,6,797,476,3038
141,7,800,450,3488
141,8,829,460,3948
141,9,821,460,4408
141,10,820,464,4872
141,11,840,462,5334
141,12,848,441,5775
141,13,851,425,6200
141,14,845,429,6629
141,15,836,404,7033
142,1,510,510,510
142,2,681,509,1019
142,3,703,487,1506
142,4,788,508,2014
142,5,781,482,2496
142,6,774,460,2956
142,7,781,445,3401
142,8,813,442,3843
142,9,797,433,4276
142,10,812,451,4727
142,11,840,433,5160
142,12,816,418,5578
142,13,841,426,6004
142,14,814,400,6404
142,15,843,410,6814
143,1,532,532,532
143,2,684,516,1048
143,3,743,509,1557
143,4,775,506,2063
143,5,800,493,2556
143,6,788,455,3011
143,7,814,479,3490
143,8,836,496,3986
143,9,825,460,4446
143,10,838,449,4895
143,11,822,419,5314
143,12,829,420,5734
143,13,837,435,6169
143,14,826,400,6569
143,15,838,421,6990
144,1,529,529,529
144,2,683,520,1049
144,3,736,502,1551
144,4,732,463,2014
144,5,761,467,2481
144,6,805,494,2975
144,7,810,461,3436
144,8,794,434,3870
144,9,809,416,4286
144,10,843,468,4754
144,11,824,424,5178
144,12,802,402,5580
144,13,834,430,6010
144,14,859,421,6431
144,15,835,404,6835
145,1,557,557,557
145,2,685,531,1088
145,3,759,533,1621
145,4,775,495,2116
145,5,777,490,2606
145,6,806,498,3104
145,7,797,464,3568
145,8,845,472,4040
145,9,835,475,4515
145,10,835,454,4969
145,11,837,442,5411
145,12,847,419,5830
145,13,835,410,6240
145,14,850,422,6662
145,15,865,421,7083
146,1,528,528,528
146,2,666,485,1013
146,3,743,509,1522
146,4,757,493,2015
146,5,786,474,2489
146,6,787,463,2952
146,7,807,461,3413
146,8,812,452,3865
146,9,825,431,4296
146,10,826,418,4714
146,11,837,450,5164
146,12,837,431,5595
146,13,834,409,6004
146,14,858,443,6447
146,15,832,412,6859
147,1,509,509,509
147,2,709,545,1054
147,3,765,544,1598
147,4,758,509,2107
147,5,789,487,2594
147,6,801,507,3101
147,7,808,453,3554
147,8,829,464,4018
147,9,827,444,4462
147,10,817,439,4901
147,11,821,412,5313
147,12,848,433,5746
147,13,845,413,6159
147,14,857,434,6593
147,15,852,414,7007
148,1,487,487,487
148,2,636,493,980
148,3,717,497,1477
148,4,751,495,1972
148,5,734,441,2413
148,6,768,457,2870
148,7,790,454,3324
148,8,783,429,3753
148,9,799,443,4196
148,10,807,442,4638
148,11,798,414,5052
148,12,812,411,5463
148,13,834,425,5888
148,14,819,416,6304
148,15,842,412,6716
149,1,551,551,551
149,2,661,495,1046
149,3,714,485,1531
149,4,760,481,2012
149,5,759,483,2495
149,6,791,461,2956
149,7,807,470,3426
149,8,818,450,3876
149,9,824,461,4337
149,10,821,432,4769
149,11,798,403,5172
149,12,807,410,5582
149,13,834,449,6031
149,14,848,421,6452
149,15,814,393,6845
150,1,514,514,514
150,2,680,518,1032
150,3,741,520,1552
150,4,799,544,2096
150,5,792,511,2607
150,6,804,464,3071
150,7,816,473,3544
150,8,813,454,3998
150,9,832,470,4468
150,10,833,451,4919
150,11,832,432,5351
150,12,851,466,5817
150,13,852,425,6242
150,14,849,448,6690
150,15,851,422,7112
151,1,522,522,522
151,2,656,496,1018
151,3,729,493,1511
151,4,767,512,2023
151,5,774,479,2502
151,6,777,457,2959
151,7,802,465,3424
151,8,815,474,3898
151,9,807,442,4340
151,10,830,427,4767
151,11,816,444,5211
151,12,838,418,5629
151,13,824,385,6014
151,14,835,409,6423
151,15,822,420,6843
152,1,509,509,509
152,2,659,492,1001
152,3,736,508,1509
152,4,740,467,1976
152,5,778,471,2447
152,6,772,459,2906
152,7,770,433,3339
152,8,798,415,3754
152,9,803,420,4174
152,10,801,413,4587
152,11,815,409,4996
152,12,791,374,5370
152,13,814,396,5766
152,14,796,390,6156
152,15,799,381,6537
153,1,542,542,542
153,2,686,501,1043
153,3,762,531,1574
153,4,745,466,2040
153,5,797,495,2535
153,6,768,435,2970
153,7,808,468,3438
153,8,820,449,3887
153,9,819,423,4310
153,10,826,465,4775
153,11,822,433,5208
153,12,829,422,5630
153,13,841,388,6018
153,14,837,392,6410
153,15,842,413,6823
154,1,541,541,541
154,2,687,509,1050
154,3,725,507,1557
154,4,767,511,2068
154,5,792,500,2568
154,6,808,508,3076
154,7,794,458,3534
154,8,823,462,3996
154,9,817,448,4444
154,10,835,428,4872
154,11,849,456,5328
154,12,823,425,5753
154,13,841,426,6179
154,14,843,422,6601
154,15,838,419,7020
155,1,542,542,542
155,2,676,502,1044
155,3,718,481,1525
155,4,770,507,2032
155,5,787,480,2512
155,6,821,493,3005
155,7,818,489,3494
155,8,818,466,3960
155,9,809,427,4387
155,10,833,437,4824
155,11,813,410,5234
155,12,823,441,5675
155,13,835,407,6082
155,14,822,401,6483
155,15,847,426,6909
156,1,547,547,547
156,2,690,537,1084
156,3,747,506,1590
156,4,748,485,2075
156,5,800,504,2579
156,6,805,473,3052
156,7,815,475,3527
156,8,801,448,3975
156,9,814,432,4407
156,10,835,433,4840
156,11,824,419,5259
156,12,843,434,5693
156,13,834,429,6122
156,14,834,421,6543
156,15,854,405,6948
157,1,528,528,528
157,2,679,506,1034
157,3,731,491,1525
157,4,785,525,2050
157,5,767,471,2521
157,6,799,463,2984
157,7,793,442,3426
157,8,817,468,3894
157,9,835,454,4348
157,10,826,449,4797
157,11,837,419,5216
157,12,839,433,5649
157,13,801,406,6055
157,14,837,402,6457
157,15,837,400,6857
158,1,516,516,516
158,2,696,530,1046
158,3,772,555,1601
158,4,767,485,2086
158,5,797,510,2596
158,6,802,488,3084
158,7,813,465,3549
158,8,811,444,3993
158,9,827,449,4442
158,10,833,439,4881
158,11,845,461,5342
158,12,822,408,5750
158,13,843,439,6189
158,14,856,436,6625
158,15,846,417,7042
159,1,526,526,526
159,2,665,488,1014
159,3,713,491,1505
159,4,746,476,1981
159,5,741,452,2433
159,6,768,444,2877
159,7,763,415,3292
159,8,806,437,3729
159,9,799,437,4166
159,10,795,398,4564
159,11,811,433,4997
159,12,800,413,5410
159,13,810,389,5799
159,14,828,399,6198
159,15,847,389,6587
160,1,534,534,534
160,2,704,533,1067
160,3,727,491,1558
160,4,766,505,2063
160,5,761,477,2540
160,6,829,505,3045
160,7,806,456,3501
160,8,808,468,3969
160,9,816,439,4408
160,10,831,479,4887
160,11,814,436,5323
160,12,825,411,5734
160,13,841,441,6175
160,14,822,414,6589
160,15,838,416,7005
161,1,533,533,533
161,2,697,524,1057
161,3,743,506,1563
161,4,760,488,2051
161,5,784,478,2529
161,6,807,494,3023
161,7,795,436,3459
161,8,792,440,3899
161,9,785,437,4336
161,10,819,425,4761
161,11,797,401,5162
161,12,836,392,5554
161,13,819,408,5962
161,14,818,386,6348
161,15,818,400,6748
162,1,514,514,514
162,2,675,503,1017
162,3,737,496,1513
162,4,767,514,2027
162,5,767,469,2496
162,6,765,422,2918
162,7,788,440,3358
162,8,793,443,3801
162,9,791,422,4223
162,10,810,411,4634
162,11,825,424,5058
162,12,821,424,5482
162,13,810,392,5874
162,14,835,425,6299
162,15,797,346,6645
163,1,546,546,546
163,2,688,505,1051
163,3,749,528,1579
163,4,761,488,2067
163,5,782,464,2531
163,6,790,480,3011
163,7,796,458,3469
163,8,794,459,3928
163,9,804,443,4371
163,10,826,437,4808
163,11,809,424,5232
163,12,823,422,5654
163,13,826,404,6058
163,14,859,431,6489
163,15,844,411,6900
164,1,545,545,545
164,2,691,520,1065
164,3,750,498,1563
164,4,770,482,2045
164,5,789,497,2542
164,6,790,470,3012
164,7,783,438,3450
164,8,802,426,3876
164,9,822,431,4307
164,10,833,460,4767
164,11,823,429,5196
164,12,829,423,5619
164,13,848,401,6020
164,14,845,398,6418
164,15,827,391,6809
165,1,578,578,578
165,2,670,497,1075
165,3,727,489,1564
165,4,782,512,2076
165,5,765,462,2538
165,6,762,425,2963
165,7,820,462,3425
165,8,815,481,3906
165,9,789,434,4340
165,10,809,426,4766
165,11,827,418,5184
165,12,843,426,5610
165,13,828,407,6017
165,14,848,427,6444
165,15,859,439,6883
166,1,539,539,539
166,2,665,487,1026
166,3,738,520,1546
166,4,777,487,2033
166,5,789,483,2516
166,6,803,476,2992
166,7,793,452,3444
166,8,806,476,3920
166,9,800,431,4351
166,10,820,431,4782
166,11,843,457,5239
166,12,827,430,5669
166,13,834,445,6114
166,14,850,427,6541
166,15,839,406,6947
167,1,513,513,513
167,2,672,506,1019
167,3,728,495,1514
167,4,740,465,1979
167,5,758,470,2449
167,6,768,441,2890
167,7,760,429,3319
167,8,773,408,3727
167,9,808,453,4180
167,10,811,412,4592
167,11,811,417,5009
167,12,800,393,5402
167,13,820,399,5801
167,14,814,368,6169
167,15,822,397,6566
168,1,521,521,521
168,2,675,524,1045
168,3,744,519,1564
168,4,773,518,2082
168,5,767,471,2553
168,6,796,507,3060
168,7,813,503,3563
168,8,823,458,4021
168,9,831,455,4476
168,10,844,451,4927
168,11,821,414,5341
168,12,836,411,5752
168,13,826,424,6176
168,14,848,420,6596
168,15,843,403,6999
169,1,530,530,530
169,2,680,515,1045
169,3,715,483,1528
169,4,742,462,1990
169,5,753,440,2430
169,6,780,457,2887
169,7,784,440,3327
169,8,789,429,3756
169,9,813,449,4205
169,10,821,425,4630
169,11,802,412,5042
169,12,828,428,5470
169,13,827,420,5890
169,14,806,402,6292
169,15,812,386,6678
170,1,513,513,513
170,2,702,534,1047
170,3,731,500,1547
170,4,771,491,2038
170,5,780,468,2506
170,6,789,474,2980
170,7,786,421,3401
170,8,805,459,3860
170,9,831,466,4326
170,10,808,392,4718
170,11,814,396,5114
170,12,811,421,5535
170,13,814,401,5936
170,14,813,389,6325
170,15,818,383,6708
171,1,378,378,378
171,2,606,457,835
171,3,698,488,1323
171,4,723,468,1791
171,5,751,464,2255
171,6,766,439,2694
171,7,777,434,3128
171,8,788,437,3565
171,9,810,451,4016
171,10,826,457,4473
171,11,786,375,4848
171,12,817,419,5267
171,13,828,384,5651
171,14,848,398,6049
171,15,827,397,6446
172,1,542,542,542
172,2,702,530,1072
172,3,751,523,1595
172,4,816,522,2117
172,5,781,493,2610
172,6,796,479,3089
172,7,816,493,3582
172,8,832,457,4039
172,9,807,462,4501
172,10,836,448,4949
172,11,851,449,5398
172,12,827,438,5836
172,13,809,410,6246
172,14,831,410,6656
172,15,868,419,7075
173,1,530,530,530
173,2,675,514,1044
173,3,746,530,1574
173,4,772,484,2058
173,5,779,474,2532
173,6,805,473,3005
173,7,804,471,3476
173,8,827,469,3945
173,9,814,424,4369
173,10,804,434,4803
173,11,833,438,5241
173,12,813,427,5668
173,13,844,427,6095
173,14,851,454,6549
173,15,828,413,6962
174,1,512,512,512
174,2,728,554,1066
174,3,760,531,1597
174,4,794,505,2102
174,5,800,512,2614
174,6,817,505,3119
174,7,806,489,3608
174,8,807,439,4047
174,9,815,469,4516
174,10,840,456,4972
174,11,846,439,5411
174,12,847,439,5850
174,13,831,444,6294
174,14,846,430,6724
174,15,847,408,7132
175,1,532,532,532
175,2,689,524,1056
175,3,759,531,1587
175,4,785,527,2114
175,5,764,464,2578
175,6,804,481,3059
175,7,816,493,3552
175,8,811,464,4016
175,9,815,457,4473
175,10,815,431,4904
175,11,833,464,5368
175,12,822,443,5811
175,13,823,392,6203
175,14,836,429,6632
175,15,820,413,7045
176,1,532,532,532
176,2,683,506,1038
176,3,734,498,1536
176,4,763,487,2023
176,5,778,469,2492
176,6,791,454,2946
176,7,770,423,3369
176,8,797,440,3809
176,9,817,427,4236
176,10,797,420,4656
176,11,812,426,5082
176,12,818,413,5495
176,13,804,378,5873
176,14,838,431,6304
176,15,817,395,6699
177,1,531,531,531
177,2,642,450,981
177,3,668,433,1414
177,4,726,454,1868
177,5,740,433,2301
177,6,751,431,2732
177,7,759,406,3138
177,8,757,423,3561
177,9,777,423,3984
177,10,774,404,4388
177,11,787,399,4787
177,12,789,368,5155
177,13,804,372,5527
177,14,810,385,5912
177,15,785,365,6277
178,1,502,502,502
178,2,634,463,965
178,3,724,518,1483
178,4,744,480,1963
178,5,782,469,2432
178,6,756,452,2884
178,7,755,425,3309
178,8,819,445,3754
178,9,779,426,4180
178,10,777,403,4583
178,11,801,413,4996
178,12,792,398,5394
178,13,800,407,5801
178,14,807,389,6190
178,15,804,369,6559
179,1,383,383,383
179,2,565,426,809
179,3,669,457,1266
179,4,727,467,1733
179,5,754,452,2185
179,6,751,417,2602
179,7,755,434,3036
179,8,781,433,3469
179,9,765,406,3875
179,10,801,383,4258
179,11,806,415,4673
179,12,810,395,5068
179,13,815,397,5465
179,14,813,394,5859
179,15,839,385,6244
180,1,507,507,507
180,2,661,486,993
180,3,681,458,1451
180,4,723,448,1899
180,5,742,452,2351
180,6,764,451,2802
180,7,759,441,3243
180,8,763,394,3637
180,9,786,412,4049
180,10,781,410,4459
180,11,799,415,4874
180,12,786,380,5254
180,13,797,363,5617
180,14,790,370,5987
180,15,846,402,6389
181,1,511,511,511
181,2,679,511,1022
181,3,717,492,1514
181,4,761,496,2010
181,5,787,495,2505
181,6,808,481,2986
181,7,788,444,3430
181,8,802,447,3877
181,9,822,442,4319
181,10,808,458,4777
181,11,803,413,5190
181,12,810,399,5589
181,13,823,407,5996
181,14,841,422,6418
181,15,830,410,6828
182,1,501,501,501
182,2,641,489,990
182,3,687,459,1449
182,4,711,439,1888
182,5,717,422,2310
182,6,744,434,2744
182,7,767,408,3152
182,8,774,409,3561
182,9,767,382,3943
182,10,759,392,4335
182,11,781,391,4726
182,12,794,399,5125
182,13,810,375,5500
182,14,802,371,5871
182,15,777,370,6241
183,1,551,551,551
183,2,691,513,1064
183,3,741,508,1572
183,4,741,479,2051
183,5,789,502,2553
183,6,776,454,3007
183,7,816,486,3493
183,8,802,451,3944
183,9,816,453,4397
183,10,817,421,4818
183,11,816,424,5242
183,12,819,413,5655
183,13,842,414,6069
183,14,827,410,6479
183,15,832,430,6909
184,1,543,543,543
184,2,684,517,1060
184,3,745,513,1573
184,4,748,487,2060
184,5,782,483,2543
184,6,777,460,3003
184,7,786,456,3459
184,8,811,457,3916
184,9,829,455,4371
184,10,817,429,4800
184,11,814,427,5227
184,12,808,385,5612
184,13,830,416,6028
184,14,850,448,6476
184,15,822,401,6877
185,1,532,532,532
185,2,708,551,1083
185,3,726,501,1584
185,4,757,477,2061
185,5,781,478,2539
185,6,799,479,3018
185,7,794,444,3462
185,8,797,427,3889
185,9,787,424,4313
185,10,819,430,4743
185,11,809,409,5152
185,12,819,421,5573
185,13,816,390,5963
185,14,808,407,6370
185,15,837,399,6769
186,1,520,520,520
186,2,668,513,1033
186,3,749,520,1553
186,4,804,535,2088
186,5,782,463,2551
186,6,788,472,3023
186,7,781,446,3469
186,8,809,445,3914
186,9,816,449,4363
186,10,811,448,4811
186,11,832,421,5232
186,12,832,423,5655
186,13,860,444,6099
186,14,830,426,6525
186,15,829,393,6918
187,1,521,521,521
187,2,652,478,999
187,3,722,496,1495
187,4,744,467,1962
187,5,784,487,2449
187,6,797,478,2927
187,7,800,450,3377
187,8,831,465,3842
187,9,816,425,4267
187,10,814,432,4699
187,11,814,437,5136
187,12,817,394,5530
187,13,835,402,5932
187,14,847,420,6352
187,15,849,413,6765
188,1,533,533,533
188,2,695,532,1065
188,3,745,527,1592
188,4,770,518,2110
188,5,791,489,2599
188,6,797,488,3087
188,7,813,478,3565
188,8,841,492,4057
188,9,827,449,4506
188,10,839,422,4928
188,11,829,437,5365
188,12,824,440,5805
188,13,847,456,6261
188,14,846,446,6707
188,15,866,426,7133
189,1,532,532,532
189,2,665,498,1030
189,3,736,527,1557
189,4,762,506,2063
189,5,790,483,2546
189,6,813,499,3045
189,7,812,469,3514
189,8,827,467,3981
189,9,830,470,4451
189,10,831,454,4905
189,11,844,430,5335
189,12,842,422,5757
189,13,845,454,6211
189,14,847,416,6627
189,15,864,421,7048
190,1,519,519,519
190,2,657,496,1015
190,3,727,483,1498
190,4,764,489,1987
190,5,789,470,2457
190,6,780,455,2912
190,7,790,449,3361
190,8,791,411,3772
190,9,804,426,4198
190,10,836,457,4655
190,11,815,425,5080
190,12,837,422,5502
190,13,819,417,5919
190,14,847,413,6332
190,15,826,397,6729
191,1,526,526,526
191,2,692,523,1049
191,3,733,504,1553
191,4,776,511,2064
191,5,781,480,2544
191,6,815,495,3039
191,7,817,457,3496
191,8,815,472,3968
191,9,829,470,4438
191,10,823,471,4909
191,11,843,455,5364
191,12,832,427,5791
191,13,851,428,6219
191,14,852,430,6649
191,15,832,419,7068
192,1,526,526,526
192,2,705,546,1072
192,3,751,506,1578
192,4,755,487,2065
192,5,770,488,2553
192,6,811,488,3041
192,7,797,472,3513
192,8,814,456,3969
192,9,814,460,4429
192,10,822,424,4853
192,11,827,444,5297
192,12,826,438,5735
192,13,814,397,6132
192,14,834,415,6547
192,15,853,431,6978
193,1,484,484,484
193,2,625,466,950
193,3,675,454,1404
193,4,713,432,1836
193,5,740,447,2283
193,6,770,464,2747
193,7,748,403,3150
193,8,770,423,3573
193,9,775,388,3961
193,10,763,377,4338
193,11,790,372,4710
193,12,776,379,5089
193,13,789,380,5469
193,14,798,374,5843
193,15,825,373,6216
194,1,525,525,525
194,2,686,507,1032
194,3,754,503,1535
194,4,752,490,2025
194,5,760,463,2488
194,6,782,457,2945
194,7,808,465,3410
194,8,795,447,3857
194,9,825,454,4311
194,10,815,425,4736
194,11,812,430,5166
194,12,820,411,5577
194,13,812,418,5995
194,14,812,397,6392
194,15,823,396,6788
195,1,495,495,495
195,2,655,485,980
195,3,714,483,1463
195,4,757,496,1959
195,5,771,468,2427
195,6,767,464,2891
195,7,797,445,3336
195,8,789,444,3780
195,9,800,433,4213
195,10,788,391,4604
195,11,803,411,5015
195,12,797,380,5395
195,13,795,378,5773
195,14,802,382,6155
195,15,823,377,6532
196,1,537,537,537
196,2,679,500,1037
196,3,732,514,1551
196,4,764,508,2059
196,5,773,492,2551
196,6,793,458,3009
196,7,822,467,3476
196,8,825,445,3921
196,9,825,454,4375
196,10,841,459,4834
196,11,836,451,5285
196,12,822,413,5698
196,13,853,452,6150
196,14,837,422,6572
196,15,851,408,6980
197,1,544,544,544
197,2,679,504,1048
197,3,728,518,1566
197,4,786,517,2083
197,5,779,472,2555
197,6,794,462,3017
197,7,827,494,3511
197,8,840,491,4002
197,9,837,452,4454
197,10,823,445,4899
197,11,830,410,5309
197,12,830,419,5728
197,13,847,444,6172
197,14,857,431,6603
197,15,855,432,7035
198,1,538,538,538
198,2,681,514,1052
198,3,750,521,1573
198,4,782,515,2088
198,5,810,507,2595
198,6,808,488,3083
198,7,795,465,3548
198,8,828,466,4014
198,9,827,441,4455
198,10,826,445,4900
198,11,840,435,5335
198,12,837,407,5742
198,13,826,402,6144
198,14,831,406,6550
198,15,857,409,6959
199,1,543,543,543
199,2,701,536,1079
199,3,768,528,1607
199,4,794,517,2124
199,5,772,469,2593
199,6,799,481,3074
199,7,802,462,3536
199,8,814,448,3984
199,9,839,471,4455
199,10,843,449,4904
199,11,840,463,5367
199,12,825,426,5793
199,13,854,453,6246
199,14,827,411,6657
199,15,847,426,7083
200,1,543,543,543
200,2,702,523,1066
200,3,732,523,1589
200,4,779,500,2089
200,5,816,512,2601
200,6,789,466,3067
200,7,807,455,3522
200,8,812,443,3965
200,9,825,454,4419
200,10,811,441,4860
200,11,834,437,5297
200,12,833,420,5717
200,13,868,456,6173
200,14,836,415,6588
200,15,858,425,7013
